filename,source,source_url,license
clean_001.jpg,Kaggle Flickr8K,https://www.kaggle.com/datasets/dibyansudiptiman/flickr-8k,CC0 Public Domain
clean_002.jpg,Kaggle Flickr8K,https://www.kaggle.com/datasets/dibyansudiptiman/flickr-8k,CC0 Public Domain
clean_003.jpg,Kaggle Flickr8K,https://www.kaggle.com/datasets/dibyansudiptiman/flickr-8k,CC0 Public Domain
clean_004.jpg,Kaggle Flickr8K,https://www.kaggle.com/datasets/dibyansudiptiman/flickr-8k,CC0 Public Domain
clean_005.jpg,Kaggle Flickr8K,https://www.kaggle.com/datasets/dibyansudiptiman/flickr-8k,CC0 Public Domain
clean_006.jpg,Kaggle Flickr8K,https://www.kaggle.com/datasets/dibyansudiptiman/flickr-8k,CC0 Public Domain
clean_007.jpg,Kaggle Flickr8K,https://www.kaggle.com/datasets/dibyansudiptiman/flickr-8k,CC0 Public Domain
clean_008.jpg,Kaggle Flickr8K,https://www.kaggle.com/datasets/dibyansudiptiman/flickr-8k,CC0 Public Domain
clean_009.jpg,Kaggle Flickr8K,https://www.kaggle.com/datasets/dibyansudiptiman/flickr-8k,CC0 Public Domain
clean_010.jpg,Kaggle Flickr8K,https://www.kaggle.com/datasets/dibyansudiptiman/flickr-8k,CC0 Public Domain
clean_011.jpg,Kaggle Flickr8K,https://www.kaggle.com/datasets/dibyansudiptiman/flickr-8k,CC0 Public Domain
clean_012.jpg,Kaggle Flickr8K,https://www.kaggle.com/datasets/dibyansudiptiman/flickr-8k,CC0 Public Domain
clean_013.jpg,Kaggle Flickr8K,https://www.kaggle.com/datasets/dibyansudiptiman/flickr-8k,CC0 Public Domain
clean_014.jpg,Kaggle Flickr8K,https://www.kaggle.com/datasets/dibyansudiptiman/flickr-8k,CC0 Public Domain
clean_015.jpg,Kaggle Flickr8K,https://www.kaggle.com/datasets/dibyansudiptiman/flickr-8k,CC0 Public Domain
clean_016.jpg,Kaggle Flickr8K,https://www.kaggle.com/datasets/dibyansudiptiman/flickr-8k,CC0 Public Domain
clean_017.jpg,Kaggle Flickr8K,https://www.kaggle.com/datasets/dibyansudiptiman/flickr-8k,CC0 Public Domain
clean_018.jpg,Kaggle Flickr8K,https://www.kaggle.com/datasets/dibyansudiptiman/flickr-8k,CC0 Public Domain
clean_019.jpg,Kaggle Flickr8K,https://www.kaggle.com/datasets/dibyansudiptiman/flickr-8k,CC0 Public Domain
clean_020.jpg,Kaggle Flickr8K,https://www.kaggle.com/datasets/dibyansudiptiman/flickr-8k,CC0 Public Domain
clean_021.jpg,Kaggle Flickr8K,https://www.kaggle.com/datasets/dibyansudiptiman/flickr-8k,CC0 Public Domain
clean_022.jpg,Kaggle Flickr8K,https://www.kaggle.com/datasets/dibyansudiptiman/flickr-8k,CC0 Public Domain
clean_023.jpg,Kaggle Flickr8K,https://www.kaggle.com/datasets/dibyansudiptiman/flickr-8k,CC0 Public Domain
clean_024.jpg,Kaggle Flickr8K,https://www.kaggle.com/datasets/dibyansudiptiman/flickr-8k,CC0 Public Domain
clean_025.jpg,Kaggle Flickr8K,https://www.kaggle.com/datasets/dibyansudiptiman/flickr-8k,CC0 Public Domain
clean_026.jpg,Kaggle Flickr8K,https://www.kaggle.com/datasets/dibyansudiptiman/flickr-8k,CC0 Public Domain
clean_027.jpg,Kaggle Flickr8K,https://www.kaggle.com/datasets/dibyansudiptiman/flickr-8k,CC0 Public Domain
clean_028.jpg,Kaggle Flickr8K,https://www.kaggle.com/datasets/dibyansudiptiman/flickr-8k,CC0 Public Domain
clean_029.jpg,Kaggle Flickr8K,https://www.kaggle.com/datasets/dibyansudiptiman/flickr-8k,CC0 Public Domain
clean_030.jpg,Kaggle Flickr8K,https://www.kaggle.com/datasets/dibyansudiptiman/flickr-8k,CC0 Public Domain
clean_031.jpg,Kaggle Flickr8K,https://www.kaggle.com/datasets/dibyansudiptiman/flickr-8k,CC0 Public Domain
clean_032.jpg,Kaggle Flickr8K,https://www.kaggle.com/datasets/dibyansudiptiman/flickr-8k,CC0 Public Domain
clean_033.jpg,Kaggle Flickr8K,https://www.kaggle.com/datasets/dibyansudiptiman/flickr-8k,CC0 Public Domain
clean_034.jpg,Kaggle Flickr8K,https://www.kaggle.com/datasets/dibyansudiptiman/flickr-8k,CC0 Public Domain
clean_035.jpg,Kaggle Flickr8K,https://www.kaggle.com/datasets/dibyansudiptiman/flickr-8k,CC0 Public Domain
clean_036.jpg,Kaggle Flickr8K,https://www.kaggle.com/datasets/dibyansudiptiman/flickr-8k,CC0 Public Domain
clean_037.jpg,Kaggle Flickr8K,https://www.kaggle.com/datasets/dibyansudiptiman/flickr-8k,CC0 Public Domain
clean_038.jpg,Kaggle Flickr8K,https://www.kaggle.com/datasets/dibyansudiptiman/flickr-8k,CC0 Public Domain
clean_039.jpg,Kaggle Flickr8K,https://www.kaggle.com/datasets/dibyansudiptiman/flickr-8k,CC0 Public Domain
clean_040.jpg,Kaggle Flickr8K,https://www.kaggle.com/datasets/dibyansudiptiman/flickr-8k,CC0 Public Domain
clean_041.jpg,Kaggle Flickr8K,https://www.kaggle.com/datasets/dibyansudiptiman/flickr-8k,CC0 Public Domain
clean_042.jpg,Kaggle Flickr8K,https://www.kaggle.com/datasets/dibyansudiptiman/flickr-8k,CC0 Public Domain
clean_043.jpg,Kaggle Flickr8K,https://www.kaggle.com/datasets/dibyansudiptiman/flickr-8k,CC0 Public Domain
clean_044.jpg,Kaggle Flickr8K,https://www.kaggle.com/datasets/dibyansudiptiman/flickr-8k,CC0 Public Domain
clean_045.jpg,Kaggle Flickr8K,https://www.kaggle.com/datasets/dibyansudiptiman/flickr-8k,CC0 Public Domain
clean_046.jpg,Kaggle Flickr8K,https://www.kaggle.com/datasets/dibyansudiptiman/flickr-8k,CC0 Public Domain
clean_047.jpg,Kaggle Flickr8K,https://www.kaggle.com/datasets/dibyansudiptiman/flickr-8k,CC0 Public Domain
clean_048.jpg,Kaggle Flickr8K,https://www.kaggle.com/datasets/dibyansudiptiman/flickr-8k,CC0 Public Domain
clean_049.jpg,Kaggle Flickr8K,https://www.kaggle.com/datasets/dibyansudiptiman/flickr-8k,CC0 Public Domain
clean_050.jpg,Kaggle Flickr8K,https://www.kaggle.com/datasets/dibyansudiptiman/flickr-8k,CC0 Public Domain
